klyuch_vina,hozyaistvo,vino,istochnik,shkala,ball,vyborka,vyborka_nizhnyaya_granica,god,ogovorka,stranica,sobrano
deuric-chardonnay,Deurić,Chardonnay,vivino,5,4.1,533,False,,,https://www.vivino.com/wineries/vinarija-deuric,2026-08-28
deuric-marmalade-orange,Deurić,Marmalade Orange,vivino,5,4.0,821,False,,,https://www.vivino.com/wineries/vinarija-deuric,2026-08-28
deuric-aksiom,Deurić,Aksiom,vivino,5,4.0,68,False,,,https://www.vivino.com/wineries/vinarija-deuric,2026-08-28
deuric-probus-276,Deurić,Probus 276,vivino,5,3.9,107,False,,,https://www.vivino.com/w/6417031,2026-08-28
deuric-aksiom-beli,Deurić,Aksiom Beli,vivino,5,3.9,,False,,,https://www.vivino.com/wineries/vinarija-deuric,2026-08-28
deuric-severna-morava,Deurić,Severna Morava,vivino,5,3.9,,False,,,https://www.vivino.com/w/9057103,2026-08-28
deuric-avangarda,Deurić,Avangarda,vivino,5,3.8,,False,,,https://www.vivino.com/w/4789789,2026-08-28
deuric-urban-rose,Deurić,Urban Rosé,vivino,5,3.7,,False,,,https://www.vivino.com/w/4750215,2026-08-28
deuric-classic-chardonnay,Deurić,Classic Chardonnay,vivino,5,3.7,,False,,,https://www.vivino.com/w/7692569,2026-08-28
deuric-pinot-noir,Deurić,Pinot Noir,vivino,5,3.7,,False,,,https://www.vivino.com/wineries/vinarija-deuric,2026-08-28
deuric-gewurztraminer,Deurić,Gewürztraminer,vivino,5,3.6,,False,,,https://www.vivino.com/wineries/vinarija-deuric,2026-08-28
deuric-merlot,Deurić,Merlot,vivino,5,3.6,,False,,,https://www.vivino.com/wineries/vinarija-deuric,2026-08-28
deuric-sauvignon-blanc,Deurić,Sauvignon Blanc,vivino,5,3.6,,False,,,https://www.vivino.com/wineries/vinarija-deuric,2026-08-28
deuric-talas-beli,Deurić,Talas Beli,vivino,5,3.6,,False,,,https://www.vivino.com/wineries/vinarija-deuric,2026-08-28
deuric-talas-crveni,Deurić,Talas Crveni,vivino,5,3.6,,False,,,https://www.vivino.com/w/3764686,2026-08-28
vincic-grand-fru,Vinčić,Grand Fru,vivino,5,4.0,,False,,,https://www.vivino.com/w/12606680,2026-08-28
erdevik-omnibus-lector-chardonnay,Erdevik,Omnibus Lector Chardonnay,vivino,5,4.3,283,True,,"профиль вкуса урожая 2015, нижняя граница",https://www.vivino.com/w/5027454,2026-08-28
erdevik-grand-trianon,Erdevik,Grand Trianon,vivino,5,4.3,340,False,,,https://www.vivino.com/w/6249992,2026-08-28
erdevik-marlon-delon-cabernet-sauvignon-merlot,Erdevik,Marlon Delon Cabernet Sauvignon-Merlot,vivino,5,4.3,,False,,,https://www.vivino.com/wineries/erdevik,2026-08-28
erdevik-stifler-s-mom-shiraz,Erdevik,Stifler's Mom Shiraz,vivino,5,4.3,,False,,,https://www.vivino.com/w/7149788,2026-08-28
erdevik-trianon,Erdevik,Trianon,vivino,5,4.1,,False,,,https://www.vivino.com/w/4923678,2026-08-28
erdevik-roza-nostra,Erdevik,Roza Nostra,vivino,5,4.0,72,False,,,https://www.vivino.com/w/4510554,2026-08-28
kovacevic-edicija-s-aurelius,Kovačević,Edicija S Aurelius,vivino,5,4.2,144,True,,"профиль вкуса, нижняя граница",https://www.vivino.com/w/6659296,2026-08-28
kovacevic-edicija-r-chardonnay,Kovačević,Edicija R Chardonnay,vivino,5,4.2,,False,,,https://www.vivino.com/wineries/vinarija-kovacevic,2026-08-28
kovacevic-edicija-r-sauvignon,Kovačević,Edicija R Sauvignon,vivino,5,4.1,,False,,,https://www.vivino.com/wineries/vinarija-kovacevic,2026-08-28
kovacevic-edicija-s-sauvignon,Kovačević,Edicija S Sauvignon,vivino,5,4.1,,False,,,https://www.vivino.com/wineries/vinarija-kovacevic,2026-08-28
kovacevic-aurelius,Kovačević,Aurelius,vivino,5,3.9,,False,,,https://www.vivino.com/w/1222956,2026-08-28
kovacevic-brut,Kovačević,Brut,vivino,5,3.9,,False,,,https://www.vivino.com/w/1677118,2026-08-28
kovacevic-chardonnay,Kovačević,Chardonnay,vivino,5,3.9,,False,,,https://www.vivino.com/w/3552720,2026-08-28
kovacevic-sauvignon,Kovačević,Sauvignon,vivino,5,3.9,,False,,,https://www.vivino.com/w/4016235,2026-08-28
kovacevic-cuvee-blanc,Kovačević,Cuvée Blanc,vivino,5,3.9,,False,,,https://www.vivino.com/w/4133790,2026-08-28
kovacevic-cuvee-piquant,Kovačević,Cuvée Piquant,vivino,5,3.7,,False,,,https://www.vivino.com/w/2793699,2026-08-28
kovacevic-cuvee-rouge,Kovačević,Cuvée Rouge,vivino,5,3.5,,False,,,https://www.vivino.com/w/4016714,2026-08-28
mackov-podrum-frajla-rose,Mačkov podrum,Frajla Rosé,vivino,5,3.5,,False,,,https://www.vivino.com/wineries/mackov-podrum,2026-08-28
mackov-podrum-camerlot,Mačkov podrum,Camerlot,vivino,5,3.5,,False,,,https://www.vivino.com/w/6261897,2026-08-28
mackov-podrum-mirisavi-traminac,Mačkov podrum,Mirisavi Traminac,vivino,5,3.5,,False,,,https://www.vivino.com/wineries/mackov-podrum,2026-08-28
mackov-podrum-sauvignon-blanc,Mačkov podrum,Sauvignon Blanc,vivino,5,3.5,,False,,,https://www.vivino.com/wineries/mackov-podrum,2026-08-28
mackov-podrum-chardonnay,Mačkov podrum,Chardonnay,vivino,5,3.4,,False,,,https://www.vivino.com/wineries/mackov-podrum,2026-08-28
mackov-podrum-incognito,Mačkov podrum,Incognito,vivino,5,3.4,,False,,,https://www.vivino.com/wineries/mackov-podrum,2026-08-28
mackov-podrum-merlot,Mačkov podrum,Merlot,vivino,5,3.3,,False,,,https://www.vivino.com/w/1794843,2026-08-28
mackov-podrum-portugizer,Mačkov podrum,Portugizer,vivino,5,3.0,,False,,,https://www.vivino.com/w/3088176,2026-08-28
bikicki-victor,Bikicki,Victor,vivino,5,4.1,,False,,,https://www.vivino.com/wineries/bikicki,2026-08-28
bikicki-sfera-noir,Bikicki,Sfera Noir,vivino,5,4.1,,False,,,https://www.vivino.com/w/10144475,2026-08-28
bikicki-makana,Bikicki,Makana,vivino,5,4.0,,False,,,https://www.vivino.com/wineries/bikicki,2026-08-28
bikicki-uncensored,Bikicki,Uncensored,vivino,5,4.0,,False,,,https://www.vivino.com/w/7240828,2026-08-28
bikicki-lily,Bikicki,Lily,vivino,5,4.0,,False,,,https://www.vivino.com/wineries/bikicki,2026-08-28
bikicki-nikka,Bikicki,Nikka,vivino,5,4.0,,False,,,https://www.vivino.com/wineries/bikicki,2026-08-28
bikicki-crna-tamjanika,Bikicki,Crna Tamjanika,vivino,5,3.9,,False,,,https://www.vivino.com/w/6424447,2026-08-28
bikicki-s-o,Bikicki,S/O,vivino,5,3.9,,False,,,https://www.vivino.com/w/5780289,2026-08-28
bikicki-sfera,Bikicki,Sfera,vivino,5,3.9,,False,,,https://www.vivino.com/w/8558502,2026-08-28
bikicki-cu,Bikicki,Cu,vivino,5,3.8,,False,,,https://www.vivino.com/w/7136339,2026-08-28
bikicki-pinotte,Bikicki,Pinotte,vivino,5,3.8,,False,,,https://www.vivino.com/w/5361835,2026-08-28
durdic-probus,Đurđić,Probus,vivino,5,4.1,,False,,,https://www.vivino.com/w/10421142,2026-08-28
durdic-cabernet-franc,Đurđić,Cabernet Franc,vivino,5,4.0,,False,,,https://www.vivino.com/w/6766243,2026-08-28
durdic-traminac,Đurđić,Traminac,vivino,5,3.9,,False,,,https://www.vivino.com/wineries/vinarija-durdic,2026-08-28
durdic-simonida-mlada,Đurđić,Simonida Mlada,vivino,5,3.9,,False,,,https://www.vivino.com/wineries/vinarija-durdic,2026-08-28
durdic-neoplanta,Đurđić,Neoplanta,vivino,5,3.9,,False,,,https://www.vivino.com/wineries/vinarija-durdic,2026-08-28
durdic-crni-vitez-bermet,Đurđić,Crni Vitez Bermet,vivino,5,3.8,,False,,,https://www.vivino.com/w/6605248,2026-08-28
durdic-sauvignon-blanc,Đurđić,Sauvignon Blanc,vivino,5,3.8,,False,,,https://www.vivino.com/wineries/vinarija-durdic,2026-08-28
veritas-cukovic-momentum-cabernet-sauvignon,Veritas Ćuković,Momentum Cabernet Sauvignon,vivino,5,4.4,,False,,,https://www.vivino.com/w/3830803,2026-08-28
veritas-cukovic-cuk-cuvee-dry-red,Veritas Ćuković,Ćuk Cuvée Dry Red,vivino,5,4.0,,False,,,https://www.vivino.com/wineries/veritas-srem,2026-08-28
veritas-cukovic-bela-hormonya,Veritas Ćuković,Bela Hormonya,vivino,5,4.0,,False,,,https://www.vivino.com/wineries/veritas-srem,2026-08-28
molovin-inat-traminac,Molovin,Inat Traminac,vivino,5,4.1,,False,,,https://www.vivino.com/w/10799090,2026-08-28
molovin-inat-frankovka,Molovin,Inat Frankovka,vivino,5,3.9,,False,,,https://www.vivino.com/w/10005825,2026-08-28
molovin-poligraf-cuvee-crveno,Molovin,Poligraf Cuvée Crveno,vivino,5,3.8,,False,,,https://www.vivino.com/w/11063644,2026-08-28
trivanovic-reserve-shiraz,Trivanović,Reserve Shiraz,vivino,5,3.9,,False,,,https://www.vivino.com/wineries/trivanovic,2026-08-28
trivanovic-pinot-grigio,Trivanović,Pinot Grigio,vivino,5,3.8,,False,,,https://www.vivino.com/wineries/trivanovic,2026-08-28
trivanovic-reserve-cabernet-sauvignon,Trivanović,Reserve Cabernet Sauvignon,vivino,5,3.8,,False,,,https://www.vivino.com/wineries/trivanovic,2026-08-28
trivanovic-optimus,Trivanović,Optimus,vivino,5,3.7,,False,,,https://www.vivino.com/wineries/trivanovic,2026-08-28
trivanovic-chardonnay,Trivanović,Chardonnay,vivino,5,3.7,,False,,,https://www.vivino.com/wineries/trivanovic,2026-08-28
trivanovic-lex-rose,Trivanović,Lex Rosé,vivino,5,3.7,,False,,,https://www.vivino.com/wineries/trivanovic,2026-08-28
trivanovic-sauvignon-blanc,Trivanović,Sauvignon Blanc,vivino,5,3.5,,False,,,https://www.vivino.com/wineries/trivanovic,2026-08-28
trivanovic-cabernet-sauvignon,Trivanović,Cabernet Sauvignon,vivino,5,3.4,,False,,,https://www.vivino.com/w/5630060,2026-08-28
navip-riesling-fruska-gora,Navip,Riesling Fruška Gora,vivino,5,3.1,,False,,,https://www.vivino.com/wineries/navip,2026-08-28
kis-kisov-bermet-slatko,Kiš,Kišov Bermet Slatko,vivino,5,4.1,102,False,,,https://www.vivino.com/wineries/vinarija-kis,2026-08-28
kis-kisov-bermet-belo,Kiš,Kišov Bermet Belo,vivino,5,4.0,463,False,,,https://www.vivino.com/w/10388855,2026-08-28
kis-kisov-bermet-crveni,Kiš,Kišov Bermet Crveni,vivino,5,4.0,117,False,,,https://www.vivino.com/w/1496981,2026-08-28
kis-merlot,Kiš,Merlot,vivino,5,3.9,133,False,,,https://www.vivino.com/wineries/vinarija-kis,2026-08-28
kis-portugizer,Kiš,Portugizer,vivino,5,3.9,32,False,,,https://www.vivino.com/w/1611208,2026-08-28
kis-verus-grasac-beli,Kiš,Verus Grašac Beli,vivino,5,3.9,93,False,,,https://www.vivino.com/wineries/vinarija-kis,2026-08-28
kis-misterija-polusuva,Kiš,Misterija Polusuva,vivino,5,3.8,219,False,,,https://www.vivino.com/wineries/vinarija-kis,2026-08-28
kis-misterija-kisova,Kiš,Misterija Kišova,vivino,5,3.7,91,False,,,https://www.vivino.com/w/2048217,2026-08-28
kis-kison-rose,Kiš,Kison Rose,vivino,5,3.6,161,False,,,https://www.vivino.com/wineries/vinarija-kis,2026-08-28
kis-grasac,Kiš,Grašac,vivino,5,3.4,96,False,,,https://www.vivino.com/w/3191413,2026-08-28
dukay-sagmeister-furmint,Dukay-Sagmeister,Furmint,vivino,5,4.3,25,False,,,https://www.vivino.com/w/7319780,2026-08-28
dukay-sagmeister-kanias-pinot-noir,Dukay-Sagmeister,Kanias Pinot Noir,vivino,5,4.1,258,False,,,https://www.vivino.com/wineries/dukay-sagmeister,2026-08-28
dukay-sagmeister-kanias-kadarka,Dukay-Sagmeister,Kanias Kadarka,vivino,5,4.1,85,False,,,https://www.vivino.com/w/7821148,2026-08-28
dukay-sagmeister-kanias-furmint,Dukay-Sagmeister,Kanias Furmint,vivino,5,4.0,109,False,,,https://www.vivino.com/w/7195367,2026-08-28
dukay-sagmeister-breton-cabernet-franc,Dukay-Sagmeister,Breton Cabernet Franc,vivino,5,4.0,187,False,,,https://www.vivino.com/wineries/dukay-sagmeister,2026-08-28
dukay-sagmeister-zero-kadarka,Dukay-Sagmeister,Zero Kadarka,vivino,5,4.0,50,False,,,https://www.vivino.com/wineries/dukay-sagmeister,2026-08-28
dukay-sagmeister-szigeti-furmint,Dukay-Sagmeister,Szigeti Furmint,vivino,5,3.9,100,False,,,https://www.vivino.com/wineries/dukay-sagmeister,2026-08-28
dukay-sagmeister-burgundac-crni-pinot-noir,Dukay-Sagmeister,Burgundac Crni Pinot Noir,vivino,5,3.7,68,False,,,https://www.vivino.com/w/6795070,2026-08-28
vinum-bermet,Vinum,Bermet,vivino,5,4.0,,False,,,https://www.vivino.com/w/10279695,2026-08-28
vinum-grasac-26a,Vinum,Grašac 26a,vivino,5,4.0,,False,,,https://www.vivino.com/wineries/vinarija-vinum,2026-08-28
vinum-mustra-bel-vino,Vinum,Mustra Bel Vino,vivino,5,4.0,,False,,,https://www.vivino.com/w/6991611,2026-08-28
vinum-grasac-beli,Vinum,Grašac Beli,vivino,5,3.9,,False,,,https://www.vivino.com/wineries/vinarija-vinum,2026-08-28
vinum-pinole,Vinum,Pinole,vivino,5,3.9,,False,,,https://www.vivino.com/w/7961633,2026-08-28
vinum-dina-grasac-beli-brut,Vinum,Dina Grašac Beli Brut,vivino,5,3.9,,False,,,https://www.vivino.com/wineries/vinarija-vinum,2026-08-28
vinum-bermut,Vinum,Bermut,vivino,5,3.9,,False,,,https://www.vivino.com/wineries/vinarija-vinum,2026-08-28
vinum-frankovka,Vinum,Frankovka,vivino,5,3.9,,False,,,https://www.vivino.com/wineries/vinarija-vinum,2026-08-28
vinum-chardonnay,Vinum,Chardonnay,vivino,5,3.8,,False,,,https://www.vivino.com/wineries/vinarija-vinum,2026-08-28
vinum-rose,Vinum,Rosé,vivino,5,3.8,,False,,,https://www.vivino.com/wineries/vinarija-vinum,2026-08-28
zvonko-bogdan-icon-campana-rubimus,Zvonko Bogdan,Icon Campana Rubimus,vivino,5,4.3,,False,,,https://www.vivino.com/wineries/zvonko-bogdan,2026-08-28
zvonko-bogdan-merlot,Zvonko Bogdan,Merlot,vivino,5,4.1,,False,,,https://www.vivino.com/w/2090208,2026-08-28
zvonko-bogdan-cuvee-no-1,Zvonko Bogdan,Cuvée No.1,vivino,5,4.1,,False,,,https://www.vivino.com/w/1284416,2026-08-28
zvonko-bogdan-icon-campana-albus,Zvonko Bogdan,Icon Campana Albus,vivino,5,4.1,,False,,,https://www.vivino.com/wineries/zvonko-bogdan,2026-08-28
zvonko-bogdan-chardonnay,Zvonko Bogdan,Chardonnay,vivino,5,4.0,100,True,,"урожай 2017 «более 100», нижняя граница",https://www.vivino.com/w/2634793,2026-08-28
zvonko-bogdan-nebo-tamjanika,Zvonko Bogdan,Nebo Tamjanika,vivino,5,4.0,,False,,,https://www.vivino.com/wineries/zvonko-bogdan,2026-08-28
zvonko-bogdan-rose-sec,Zvonko Bogdan,Rosé Sec,vivino,5,4.0,,False,,,https://www.vivino.com/w/5629966,2026-08-28
zvonko-bogdan-eclater-blanc-de-blancs,Zvonko Bogdan,Éclater Blanc de Blancs,vivino,5,3.9,,False,,,https://www.vivino.com/wineries/zvonko-bogdan,2026-08-28
zvonko-bogdan-8-tamburasa,Zvonko Bogdan,8 Tamburaša,vivino,5,3.9,,False,,,https://www.vivino.com/w/2252838,2026-08-28
zvonko-bogdan-sauvignon-blanc,Zvonko Bogdan,Sauvignon Blanc,vivino,5,3.8,,False,,,https://www.vivino.com/w/1279711,2026-08-28
maurer-kadarka-gravitation,Maurer,Kadarka Gravitation,vivino,5,4.3,,False,,,https://www.vivino.com/w/10200255,2026-08-28
maurer-kadarka-nagy-krisztus,Maurer,Kadarka Nagy-Krisztus,vivino,5,4.2,,False,,,https://www.vivino.com/w/7334350,2026-08-28
maurer-oszkar-babba,Maurer,Oszkar Babba,vivino,5,4.2,,False,,,https://www.vivino.com/wineries/maurer,2026-08-28
maurer-oszkar-karom,Maurer,Oszkar Karom,vivino,5,4.1,,False,,,https://www.vivino.com/wineries/maurer,2026-08-28
maurer-sott,Maurer,Sott,vivino,5,4.1,,False,,,https://www.vivino.com/wineries/maurer,2026-08-28
maurer-tamjanika,Maurer,Tamjanika,vivino,5,4.1,,False,,,https://www.vivino.com/wineries/maurer,2026-08-28
tonkovic-rapsodija-kadarka,Tonković,Rapsodija Kadarka,vivino,5,3.9,322,False,,,https://www.vivino.com/w/3208226,2026-08-28
tonkovic-fantazija-kadarka,Tonković,Fantazija Kadarka,vivino,5,3.8,857,False,,,https://www.vivino.com/w/2879703,2026-08-28
tonkovic-kadarka-rose,Tonković,Kadarka Rosé,vivino,5,3.7,127,False,,,https://www.vivino.com/wineries/vinarija-tonkovic,2026-08-28
tonkovic-allegro-kadarka-blanc-de-noir,Tonković,Allegro Kadarka Blanc de Noir,vivino,5,3.6,114,False,,,https://www.vivino.com/wineries/vinarija-tonkovic,2026-08-28
vrsacki-vinogradi-banatski-rizling,Vršački vinogradi,Banatski Rizling,vivino,5,3.3,,False,,,https://www.vivino.com/w/1161749,2026-08-28
draskovic-muskat-otonel,Drašković,Muskat Otonel,vivino,5,4.1,,False,,,https://www.vivino.com/w/6736174,2026-08-28
draskovic-chardonnay,Drašković,Chardonnay,vivino,5,3.8,,False,,,https://www.vivino.com/wineries/vinarija-draskovic,2026-08-28
draskovic-horizont-chardonnay,Drašković,Horizont Chardonnay,vivino,5,3.7,,False,,,https://www.vivino.com/w/7727316,2026-08-28
draskovic-mahago,Drašković,Mahago,vivino,5,3.7,,False,,,https://www.vivino.com/w/8078711,2026-08-28
draskovic-divlja-ruza-rose,Drašković,Divlja Ruža Rosé,vivino,5,3.7,,False,,,https://www.vivino.com/wineries/vinarija-draskovic,2026-08-28
draskovic-ruza-vetrova-muskat-otonel,Drašković,Ruža Vetrova Muskat Otonel,vivino,5,3.7,,False,,,https://www.vivino.com/wineries/vinarija-draskovic,2026-08-28
draskovic-beli-pinot,Drašković,Beli Pinot,vivino,5,3.6,,False,,,https://www.vivino.com/w/9763720,2026-08-28
draskovic-triptih,Drašković,Triptih,vivino,5,3.5,,False,,,https://www.vivino.com/wineries/vinarija-draskovic,2026-08-28
draskovic-rose,Drašković,Rosé,vivino,5,3.5,,False,,,https://www.vivino.com/wineries/vinarija-draskovic,2026-08-28
radovanovic-reserve-special-cabernet-sauvignon,Radovanović,Réserve Special Cabernet Sauvignon,vivino,5,4.4,,False,,,https://www.vivino.com/w/6672388,2026-08-28
radovanovic-reserve-cabernet-sauvignon,Radovanović,Réserve Cabernet Sauvignon,vivino,5,4.3,310,True,,"профиль вкуса, нижняя граница",https://www.vivino.com/w/2408723,2026-08-28
radovanovic-grand-reserve-cabernet-sauvignon,Radovanović,Grand Reserve Cabernet Sauvignon,vivino,5,4.3,,False,,,https://www.vivino.com/wineries/radovanovic,2026-08-28
radovanovic-cabernet-sauvignon,Radovanović,Cabernet Sauvignon,vivino,5,4.3,,False,,,https://www.vivino.com/w/8633379,2026-08-28
radovanovic-pino-sivi,Radovanović,Pino Sivi,vivino,5,4.1,,False,,,https://www.vivino.com/w/6172073,2026-08-28
radovanovic-cabernet-sauvignon-classique,Radovanović,Cabernet Sauvignon Classique,vivino,5,3.8,,False,,,https://www.vivino.com/w/1957772,2026-08-28
radovanovic-sovinjon,Radovanović,Sovinjon,vivino,5,3.3,,False,,,https://www.vivino.com/w/1705006,2026-08-28
aleksandrovic-rodoslov-reserve,Aleksandrović,Rodoslov Reserve,vivino,5,4.3,,False,,,https://www.vivino.com/w/1646843,2026-08-28
aleksandrovic-trijumf-gold,Aleksandrović,Trijumf Gold,vivino,5,4.2,,False,,,https://www.vivino.com/w/1758072,2026-08-28
aleksandrovic-prokupac,Aleksandrović,Prokupac,vivino,5,4.2,,False,,,https://www.vivino.com/w/7380637,2026-08-28
aleksandrovic-vizija-selection,Aleksandrović,Vizija Selection,vivino,5,4.1,,False,,,https://www.vivino.com/w/6645033,2026-08-28
aleksandrovic-trijumf-selection,Aleksandrović,Trijumf Selection,vivino,5,4.1,,False,,,https://www.vivino.com/w/1171282,2026-08-28
aleksandrovic-trijumf-noir-brut,Aleksandrović,Trijumf Noir Brut,vivino,5,4.1,,False,,,https://www.vivino.com/w/10319050,2026-08-28
aleksandrovic-harizma-selection,Aleksandrović,Harizma Selection,vivino,5,4.0,,False,,,https://www.vivino.com/w/1277072,2026-08-28
tarpos-lipar-sauvignon-blanc,Tarpoš,Lipar Sauvignon Blanc,vivino,5,4.2,28,False,,,https://www.vivino.com/wineries/tarpos,2026-08-28
tarpos-cabernet-sauvignon,Tarpoš,Cabernet Sauvignon,vivino,5,4.1,61,False,,,https://www.vivino.com/wineries/tarpos,2026-08-28
tarpos-sauvignon-blanc,Tarpoš,Sauvignon Blanc,vivino,5,4.0,71,False,,,https://www.vivino.com/wineries/tarpos,2026-08-28
tarpos-1804-selekcija,Tarpoš,1804 Selekcija,vivino,5,4.0,92,False,,,https://www.vivino.com/wineries/tarpos,2026-08-28
tarpos-tarpos-merlot,Tarpoš,Tarpos Merlot,vivino,5,4.0,47,False,,,https://www.vivino.com/w/5523966,2026-08-28
tarpos-merlot,Tarpoš,Merlot,vivino,5,3.9,73,False,,,https://www.vivino.com/wineries/tarpos,2026-08-28
tarpos-cuvee-beli,Tarpoš,Cuvée Beli,vivino,5,3.9,29,False,,,https://www.vivino.com/wineries/tarpos,2026-08-28
tarpos-tamjanika,Tarpoš,Tamjanika,vivino,5,3.8,37,False,,,https://www.vivino.com/w/10996842,2026-08-28
tarpos-menuet-chardonnay,Tarpoš,Menuet Chardonnay,vivino,5,3.8,33,False,,,https://www.vivino.com/wineries/tarpos,2026-08-28
tarpos-cuvee,Tarpoš,Cuvée,vivino,5,3.6,38,False,,,https://www.vivino.com/wineries/tarpos,2026-08-28
despotika-dodir-muscat-ottonel-tamjanika,Despotika,Dodir Muscat Ottonel-Tamjanika,vivino,5,4.2,460,False,,,https://www.vivino.com/wineries/despotika-despotika,2026-08-28
despotika-morava-orange,Despotika,Morava Orange,vivino,5,4.1,73,False,,,https://www.vivino.com/wineries/despotika-despotika,2026-08-28
despotika-nemir-cabernet-sauvignon-prokupac-rose,Despotika,Nemir Cabernet Sauvignon-Prokupac Rosé,vivino,5,4.0,133,False,,,https://www.vivino.com/w/6587893,2026-08-28
despotika-od-sorte-morava,Despotika,Od Sorte Morava,vivino,5,4.0,,False,,,https://www.vivino.com/w/3114911,2026-08-28
arsenijevic-cabernet-sauvignon-limited-edition,Arsenijević,Cabernet Sauvignon Limited Edition,vivino,5,4.2,,False,,,https://www.vivino.com/wineries/arsenijevic,2026-08-28
temet-three-morave-rezerva,Temet,Three Morave Rezerva,vivino,5,4.4,25,False,,,https://www.vivino.com/w/8151408,2026-08-28
temet-dobra-godina,Temet,Dobra Godina,vivino,5,4.1,29,False,,,https://www.vivino.com/w/5919358,2026-08-28
temet-three-bele,Temet,Three Bele,vivino,5,4.1,43,False,,,https://www.vivino.com/wineries/temet,2026-08-28
temet-tri-morave-white-rezerva,Temet,Tri Morave White Rezerva,vivino,5,4.0,384,False,,,https://www.vivino.com/w/11675491,2026-08-28
temet-ergo-red,Temet,Ergo Red,vivino,5,4.0,656,False,,,https://www.vivino.com/wineries/temet,2026-08-28
temet-tri-morave,Temet,Tri Morave,vivino,5,4.0,628,False,,,https://www.vivino.com/w/7652219,2026-08-28
temet-ergo-white,Temet,Ergo White,vivino,5,3.8,1091,False,,,https://www.vivino.com/wineries/temet,2026-08-28
temet-prokupac-iii,Temet,Prokupac III,vivino,5,3.6,211,False,,,https://www.vivino.com/wineries/temet,2026-08-28
ivanovic-no-1-2,Ivanović,No 1/2,vivino,5,4.3,,False,,,https://www.vivino.com/w/2364103,2026-08-28
ivanovic-no-3-4-tamjanika,Ivanović,No 3/4 Tamjanika,vivino,5,4.2,,False,,,https://www.vivino.com/wineries/vinarija-ivanovic,2026-08-28
ivanovic-tamjanika,Ivanović,Tamjanika,vivino,5,3.9,,False,,,https://www.vivino.com/w/1740725,2026-08-28
ivanovic-prokupac,Ivanović,Prokupac,vivino,5,3.9,294,True,,"профиль вкуса, нижняя граница",https://www.vivino.com/w/1982154,2026-08-28
jovac-single-vineyard-stella-noir,Jovac,Single Vineyard Stella Noir,vivino,5,4.3,,False,,,https://www.vivino.com/w/11755521,2026-08-28
jovac-single-vineyard-selection-chardonnay,Jovac,Single Vineyard Selection Chardonnay,vivino,5,4.3,,False,,,https://www.vivino.com/wineries/vinarija-jovac,2026-08-28
jovac-single-vineyard-selection-tamjanika,Jovac,Single Vineyard Selection Tamjanika,vivino,5,4.2,,False,,,https://www.vivino.com/w/10263439,2026-08-28
jovac-single-vineyard-selection-sauvignon-blanc,Jovac,Single Vineyard Selection Sauvignon Blanc,vivino,5,4.0,,False,,,https://www.vivino.com/w/10472538,2026-08-28
matalj-kremen-kamen-cabernet-sauvignon,Matalj,Kremen Kamen Cabernet Sauvignon,vivino,5,4.5,120,True,,"профиль вкуса, нижняя граница",https://www.vivino.com/w/2115277,2026-08-28
matalj-zemna-reserva,Matalj,Zemna Reserva,vivino,5,4.2,,False,,,https://www.vivino.com/wineries/matalj-vinarija,2026-08-28
matalj-kremen-cabernet-merlot,Matalj,Kremen Cabernet-Merlot,vivino,5,4.1,,False,,,https://www.vivino.com/wineries/matalj-vinarija,2026-08-28
matalj-zacinak-bukovski,Matalj,Začinak Bukovski,vivino,5,4.1,,False,,,https://www.vivino.com/wineries/matalj-vinarija,2026-08-28
matalj-kremen-cabernet-sauvignon,Matalj,Kremen Cabernet Sauvignon,vivino,5,4.0,,False,,,https://www.vivino.com/w/1420528,2026-08-28
matalj-cuvee-bukovski,Matalj,Cuvée Bukovski,vivino,5,4.0,,False,,,https://www.vivino.com/w/10610733,2026-08-28
matalj-crna-tamjanika,Matalj,Crna Tamjanika,vivino,5,4.0,,False,,,https://www.vivino.com/w/4675917,2026-08-28
matalj-kremen-kremenjaca,Matalj,Kremen Kremenjača,vivino,5,4.0,,False,,,https://www.vivino.com/w/13198817,2026-08-28
matalj-bagrina-bukovska,Matalj,Bagrina Bukovska,vivino,5,3.9,,False,,,https://www.vivino.com/w/6970644,2026-08-28
raj-crna-tamjanika,Raj,Crna Tamjanika,vivino,5,3.7,,False,,,https://www.vivino.com/w/4830021,2026-08-28
raj-bela-tamjanika,Raj,Bela Tamjanika,vivino,5,3.7,,False,,,https://www.vivino.com/w/7281899,2026-08-28
toplicki-vinogradi-gvozdeni-puk-rujno,Toplički vinogradi,Gvozdeni Puk Rujno,vivino,5,4.3,42,False,,,https://www.vivino.com/w/9390075,2026-08-28
toplicki-vinogradi-tribus-villa-sauvignon-blanc,Toplički vinogradi,Tribus Villa Sauvignon Blanc,vivino,5,3.8,411,False,,,https://www.vivino.com/w/2825953,2026-08-28
toplicki-vinogradi-epigenia-prokupac,Toplički vinogradi,Epigenia Prokupac,vivino,5,3.8,148,False,,,https://www.vivino.com/w/2659858,2026-08-28
toplicki-vinogradi-epigenia-cabernet-sauvignon,Toplički vinogradi,Epigenia Cabernet Sauvignon,vivino,5,3.8,34,False,,,https://www.vivino.com/w/3750003,2026-08-28
toplicki-vinogradi-epigenia-sauvignon-blanc,Toplički vinogradi,Epigenia Sauvignon Blanc,vivino,5,3.7,65,False,,,https://www.vivino.com/w/7524593,2026-08-28
toplicki-vinogradi-tribus-villa-pinot-noir,Toplički vinogradi,Tribus Villa Pinot Noir,vivino,5,3.6,26,False,,,https://www.vivino.com/w/4730675,2026-08-28
toplicki-vinogradi-tribus-villa-merlot-rose,Toplički vinogradi,Tribus Villa Merlot Rosé,vivino,5,3.5,325,False,,,https://www.vivino.com/wineries/toplicki-vinogradi,2026-08-28
toplicki-vinogradi-tribus-villa-prokupac,Toplički vinogradi,Tribus Villa Prokupac,vivino,5,3.5,26,False,,,https://www.vivino.com/w/4978565,2026-08-28
toplicki-vinogradi-epigenia-chardonnay,Toplički vinogradi,Epigenia Chardonnay,vivino,5,3.4,41,False,,,https://www.vivino.com/w/2671875,2026-08-28
toplicki-vinogradi-epigenia-merlot,Toplički vinogradi,Epigenia Merlot,vivino,5,3.2,37,False,,,https://www.vivino.com/wineries/toplicki-vinogradi,2026-08-28
doja-breg-cabernet-sauvignon,Doja,Breg Cabernet Sauvignon,vivino,5,4.3,,False,,,https://www.vivino.com/w/9447229,2026-08-28
doja-breg-prokupac,Doja,Breg Prokupac,vivino,5,4.1,99,True,,"профиль вкуса, нижняя граница",https://www.vivino.com/w/7631900,2026-08-28
doja-breg-merlot,Doja,Breg Merlot,vivino,5,4.0,,False,,,https://www.vivino.com/w/10833524,2026-08-28
doja-cabernet-sauvignon-merlot,Doja,Cabernet Sauvignon-Merlot,vivino,5,3.9,,False,,,https://www.vivino.com/w/7136598,2026-08-28
doja-prokupac,Doja,Prokupac,vivino,5,3.9,,False,,,https://www.vivino.com/w/4951481,2026-08-28
doja-tamjanika,Doja,Tamjanika,vivino,5,3.9,,False,,,https://www.vivino.com/w/7231074,2026-08-28
doja-belo-chardonnay-pinot-grigio,Doja,Belo Chardonnay-Pinot Grigio,vivino,5,3.7,,False,,,https://www.vivino.com/w/5676142,2026-08-28
doja-rose,Doja,Rosé,vivino,5,3.5,180,False,,,https://www.vivino.com/w/4192558,2026-08-28
aleksic-zuti-cvet,Aleksić,Žuti Cvet,vivino,5,4.1,,False,,,https://www.vivino.com/w/3271936,2026-08-28
aleksic-amanet-vranac,Aleksić,Amanet Vranac,vivino,5,4.0,200,True,,"урожай 2019, «более 200», нижняя граница",https://www.vivino.com/w/2748871,2026-08-28
dzervin-schlossberg-merlot,Džervin,Schlossberg Merlot,vivino,5,3.9,,False,,,https://www.vivino.com/wineries/dzervin,2026-08-28
dzervin-sauvignon,Džervin,Sauvignon,vivino,5,3.9,,False,,,https://www.vivino.com/wineries/dzervin,2026-08-28
dzervin-rose-romansa,Džervin,Rosé Romansa,vivino,5,3.5,61,False,,,https://www.vivino.com/w/6033322,2026-08-28
dzervin-despot-crveni,Džervin,Despot Crveni,vivino,5,3.3,,False,,,https://www.vivino.com/wineries/dzervin,2026-08-28
dzervin-dubravka,Džervin,Dubravka,vivino,5,3.0,,False,,,https://www.vivino.com/wineries/dzervin,2026-08-28
jovic-vranac,Jović,Vranac,vivino,5,4.0,,False,,,https://www.vivino.com/w/1849220,2026-08-28
lakicevic-cuvee-no-5-merula,Lakićević,Cuvée No.5 Merula,vivino,5,4.2,178,False,,,https://www.vivino.com/w/8920751,2026-08-28
lakicevic-parus-sauvignon-blanc,Lakićević,Parus Sauvignon Blanc,vivino,5,4.2,92,False,,,https://www.vivino.com/w/11593426,2026-08-28
lakicevic-cuvee-alcedo,Lakićević,Cuvée Alcedo,vivino,5,4.2,29,False,,,https://www.vivino.com/wineries/vinarija-lakicevic,2026-08-28
lakicevic-upupa-tamjanika,Lakićević,Upupa Tamjanika,vivino,5,4.2,133,False,,,https://www.vivino.com/wineries/vinarija-lakicevic,2026-08-28
lakicevic-solaris,Lakićević,Solaris,vivino,5,4.2,86,False,,,https://www.vivino.com/w/11766731,2026-08-28
lakicevic-picus-chardonnay,Lakićević,Picus Chardonnay,vivino,5,4.1,35,False,,,https://www.vivino.com/wineries/vinarija-lakicevic,2026-08-28
lakicevic-picus-selection-chardonnay,Lakićević,Picus Selection Chardonnay,vivino,5,4.1,79,False,,,https://www.vivino.com/w/11593412,2026-08-28
lakicevic-cuvee-no-1-oriolus,Lakićević,Cuvée No.1 Oriolus,vivino,5,4.1,142,False,,,https://www.vivino.com/w/8890518,2026-08-28
rubin-double-barrique-cabernet-sauvignon,Rubin,Double Barrique Cabernet Sauvignon,vivino,5,4.1,,False,,,https://www.vivino.com/wineries/rubin,2026-08-28
rubin-double-barrique-sauvignon-blanc,Rubin,Double Barrique Sauvignon Blanc,vivino,5,4.1,,False,,,https://www.vivino.com/wineries/rubin,2026-08-28
rubin-amante-matea-merlot,Rubin,Amante Matea Merlot,vivino,5,3.8,,False,,,https://www.vivino.com/wineries/rubin,2026-08-28
rubin-amante-aurora,Rubin,Amante Aurora,vivino,5,3.8,,False,,,https://www.vivino.com/wineries/rubin,2026-08-28
rubin-merlot,Rubin,Merlot,vivino,5,3.6,,False,,,https://www.vivino.com/w/8653809,2026-08-28
rubin-chardonnay,Rubin,Chardonnay,vivino,5,3.3,,False,,,https://www.vivino.com/w/2046249,2026-08-28
rubin-vranac,Rubin,Vranac,vivino,5,2.8,,False,,,https://www.vivino.com/w/1582294,2026-08-28
rubin-grasevina,Rubin,Graševina,vivino,5,2.8,,False,,,https://www.vivino.com/w/1165869,2026-08-28
coka-zdrepceva-krv-forever,Čoka,Ždrepčeva Krv Forever,vivino,5,4.0,66,False,,,https://www.vivino.com/wineries/vinarija-coka,2026-08-28
coka-kupianovo-vino,Čoka,Kupianovo Vino,vivino,5,3.9,172,False,,,https://www.vivino.com/w/1564593,2026-08-28
coka-lederer-cabernet-sauvignon,Čoka,Lederer Cabernet Sauvignon,vivino,5,3.6,178,False,,,https://www.vivino.com/wineries/vinarija-coka,2026-08-28
coka-mustuluk-crveni,Čoka,Mustuluk Crveni,vivino,5,3.4,197,False,,,https://www.vivino.com/w/3100425,2026-08-28
coka-lederer-merlot,Čoka,Lederer Merlot,vivino,5,3.4,162,False,,,https://www.vivino.com/w/1361988,2026-08-28
coka-kastel,Čoka,Kaštel,vivino,5,3.4,125,False,,,https://www.vivino.com/w/2337736,2026-08-28
coka-zdrepceva-krv-rotwein-lieblich,Čoka,Ždrepčeva Krv Rotwein Lieblich,vivino,5,3.3,1311,False,,,https://www.vivino.com/wineries/vinarija-coka,2026-08-28
virtus-prokupac-733,Virtus,Prokupac 733,vivino,5,4.4,26,False,,,https://www.vivino.com/wineries/vinarija-virtus,2026-08-28
virtus-cuvee-virtus-credo,Virtus,Cuvée Virtus Credo,vivino,5,4.3,312,False,,,https://www.vivino.com/w/4004524,2026-08-28
virtus-credo-beli,Virtus,Credo Beli,vivino,5,4.2,122,False,,,https://www.vivino.com/w/3991991,2026-08-28
virtus-pinot-noir,Virtus,Pinot Noir,vivino,5,4.0,607,False,,,https://www.vivino.com/w/5184778,2026-08-28
virtus-marselan,Virtus,Marselan,vivino,5,3.9,288,False,,,https://www.vivino.com/w/2897673,2026-08-28
virtus-gewurztraminer,Virtus,Gewürztraminer,vivino,5,3.9,132,False,,,https://www.vivino.com/wineries/vinarija-virtus,2026-08-28
virtus-mlavac-crveni,Virtus,Mlavac Crveni,vivino,5,3.8,198,False,,,https://www.vivino.com/w/7412553,2026-08-28
virtus-pinot-grigio,Virtus,Pinot Grigio,vivino,5,3.8,131,False,,,https://www.vivino.com/wineries/vinarija-virtus,2026-08-28
virtus-sauvignon-blanc,Virtus,Sauvignon Blanc,vivino,5,3.8,484,False,,,https://www.vivino.com/wineries/vinarija-virtus,2026-08-28
virtus-prokupac,Virtus,Prokupac,vivino,5,3.6,47,False,,,https://www.vivino.com/w/3484234,2026-08-28
milijan-jelic-nebiolo,Milijan Jelić,Nebiolo,vivino,5,4.1,,False,,,https://www.vivino.com/w/6501194,2026-08-28
milijan-jelic-kamenicanka-prokupac,Milijan Jelić,Kameničanka Prokupac,vivino,5,3.9,,False,,,https://www.vivino.com/w/5705189,2026-08-28
milijan-jelic-morava,Milijan Jelić,Morava,vivino,5,3.8,,False,,,https://www.vivino.com/w/1264728,2026-08-28
milijan-jelic-morange,Milijan Jelić,Morange,vivino,5,3.7,,False,,,https://www.vivino.com/w/5107263,2026-08-28
vinis-crveno-vino,Vinis,Crveno Vino,vivino,5,4.6,,False,,"число отзывов неизвестно, в отбор не идёт",https://www.vivino.com/w/2670421,2026-08-28
vinis-merlot-cabernet-sauvignon,Vinis,Merlot-Cabernet Sauvignon,vivino,5,4.2,,False,,,https://www.vivino.com/w/5264994,2026-08-28
vinis-merlot,Vinis,Merlot,vivino,5,4.1,,False,,,https://www.vivino.com/w/8447625,2026-08-28
temet-three-morave-red,Temet,Three Morave Red,vivino,5,3.8,1260,False,,,https://www.vivino.com/w/2156452,2026-08-28
temet-three-morave-white,Temet,Three Morave White,vivino,5,3.8,78,False,,,https://www.vivino.com/w/1482267,2026-08-28
temet-burgundac-sivi,Temet,Burgundac Sivi,vivino,5,3.7,191,False,,,https://www.vivino.com/wineries/temet,2026-08-28
temet-pinot-grigio,Temet,Pinot Grigio,vivino,5,3.7,62,False,,,https://www.vivino.com/wineries/temet,2026-08-28
temet-tri-morave-rose,Temet,Tri Morave Rosé,vivino,5,3.5,55,False,,,https://www.vivino.com/w/6664825,2026-08-28
temet-p-rose,Temet,P Rosé,vivino,5,3.4,91,False,,,https://www.vivino.com/wineries/temet,2026-08-28
matijasevic-sovinoa-fume-blanc,Matijašević,SoviNoa Fumé Blanc,vivino,5,4.3,189,False,,,https://www.vivino.com/wineries/matijasevic-vinogradi,2026-08-28
matijasevic-sovinoa-sauvignon-blanc,Matijašević,SoviNoa Sauvignon Blanc,vivino,5,4.1,522,False,,,https://www.vivino.com/w/8254768,2026-08-28
matijasevic-tri-doline-merlot,Matijašević,Tri Doline Merlot,vivino,5,4.1,179,False,,,https://www.vivino.com/wineries/matijasevic-vinogradi,2026-08-28
matijasevic-cukundeda-prokupac,Matijašević,Čukundeda Prokupac,vivino,5,4.0,342,False,,,https://www.vivino.com/w/9375920,2026-08-28
matijasevic-sedam-hrastova-cuvee-belo,Matijašević,Sedam Hrastova Cuvée Belo,vivino,5,4.0,146,False,,,https://www.vivino.com/wineries/matijasevic-vinogradi,2026-08-28
matijasevic-rose-rose,Matijašević,Rosé & Rose,vivino,5,4.0,67,False,,,https://www.vivino.com/wineries/matijasevic-vinogradi,2026-08-28
matijasevic-rock-rose,Matijašević,Rock & Rose,vivino,5,3.9,65,False,,,https://www.vivino.com/wineries/matijasevic-vinogradi,2026-08-28
matijasevic-belina,Matijašević,Belina,vivino,5,3.8,124,False,,,https://www.vivino.com/w/8607422,2026-08-28
grabak-vivak-prokupac,Grabak,Vivak Prokupac,vivino,5,4.1,35,False,,,https://www.vivino.com/w/9779751,2026-08-28
grabak-siva-vrana,Grabak,Siva Vrana,vivino,5,4.0,32,False,,,https://www.vivino.com/w/7473293,2026-08-28
grabak-cuk-merlot,Grabak,Ćuk Merlot,vivino,5,4.0,72,False,,,https://www.vivino.com/wineries/vinarija-grabak,2026-08-28
grabak-modrovrana,Grabak,Modrovrana,vivino,5,3.9,30,False,,,https://www.vivino.com/w/6113965,2026-08-28
grabak-prva-lasta,Grabak,Prva Lasta,vivino,5,3.7,58,False,,,https://www.vivino.com/w/8326320,2026-08-28
grabak-grabak-prokupac,Grabak,Grabak Prokupac,vivino,5,3.7,52,False,,,https://www.vivino.com/w/6748383,2026-08-28
grabak-bela-galubica,Grabak,Bela Galubica,vivino,5,3.6,27,False,,,https://www.vivino.com/w/5871005,2026-08-28
petra-traminac-late-harvest,Petra,Traminac Late Harvest,vivino,5,4.4,,False,,,https://www.vivino.com/wineries/vinarija-petra,2026-08-28
petra-cuvee,Petra,Cuvée,vivino,5,4.2,,False,,,https://www.vivino.com/wineries/vinarija-petra,2026-08-28
petra-traminac,Petra,Traminac,vivino,5,4.0,,False,,,https://www.vivino.com/wineries/vinarija-petra,2026-08-28
petra-orange-methode-traditionelle,Petra,Orange Méthode Traditionelle,vivino,5,4.0,,False,,,https://www.vivino.com/wineries/vinarija-petra,2026-08-28
petra-pinot-noir-barrique,Petra,Pinot Noir Barrique,vivino,5,3.9,,False,,,https://www.vivino.com/w/3995639,2026-08-28
petra-pinot-noir,Petra,Pinot Noir,vivino,5,3.7,,False,,,https://www.vivino.com/w/5198523,2026-08-28
petra-pinot-grigio,Petra,Pinot Grigio,vivino,5,3.5,,False,,,https://www.vivino.com/w/6317690,2026-08-28
sapat-akcent-reserve,Šapat,Àkcent Réserve,vivino,5,4.1,,False,,,https://www.vivino.com/wineries/atelje-vina-sapat,2026-08-28
sapat-bianca-moscato-giallo,Šapat,Bianca Moscato Giallo,vivino,5,4.0,,False,,,https://www.vivino.com/wineries/atelje-vina-sapat,2026-08-28
sapat-pi-crveno,Šapat,Pi'Crveno,vivino,5,4.0,,False,,,https://www.vivino.com/w/3056614,2026-08-28
sapat-reserve-cabernet-sauvignon,Šapat,Reserve Cabernet Sauvignon,vivino,5,4.0,,False,,,https://www.vivino.com/w/10165174,2026-08-28
sapat-cabernet-sauvignon,Šapat,Cabernet Sauvignon,vivino,5,3.9,,False,,,https://www.vivino.com/w/6739165,2026-08-28
sapat-barrique-cabernet-sauvignon,Šapat,Barrique Cabernet Sauvignon,vivino,5,3.9,,False,,,https://www.vivino.com/wineries/atelje-vina-sapat,2026-08-28
radovanovic-chardonnay-selekcija,Radovanović,Chardonnay Selekcija,vivino,5,4.1,,False,,,https://www.vivino.com/wineries/radovanovic,2026-08-28
radovanovic-franc-cabernet-sauvignon,Radovanović,Franc-Cabernet Sauvignon,vivino,5,3.9,,False,,,https://www.vivino.com/w/1183542,2026-08-28
radovanovic-rose,Radovanović,Rosé,vivino,5,3.9,,False,,,https://www.vivino.com/w/1583287,2026-08-28
ivanovic-petite-rose,Ivanović,Petite Rose,vivino,5,3.6,,False,,,https://www.vivino.com/w/2311375,2026-08-28
aleksic-limited-bonaca-chardonnay,Aleksić,Limited Bonaca Chardonnay,vivino,5,4.1,,False,,,https://www.vivino.com/w/2641605,2026-08-28
aleksic-kardas-cabernet-sauvignon,Aleksić,Kardaš Cabernet Sauvignon,vivino,5,3.8,,False,,,https://www.vivino.com/w/2022760,2026-08-28
aleksic-morava,Aleksić,Morava,vivino,5,3.8,,False,,,https://www.vivino.com/wineries/aleksic,2026-08-28
aleksic-prokupac,Aleksić,Prokupac,vivino,5,3.8,,False,,,https://www.vivino.com/wineries/aleksic,2026-08-28
aleksic-nostalgija,Aleksić,Nostalgija,vivino,5,3.6,,False,,,https://www.vivino.com/w/2345431,2026-08-28
veritas-cukovic-monte-karlovci-cuvee-dry-red,Veritas Ćuković,Monte Karlovci Cuvée Dry Red,vivino,5,4.0,,False,,,https://www.vivino.com/wineries/veritas-srem,2026-08-28
veritas-cukovic-cuvee-suvo,Veritas Ćuković,Cuvée Suvo,vivino,5,3.9,,False,,,https://www.vivino.com/wineries/veritas-srem,2026-08-28
veritas-cukovic-merlot-suvo,Veritas Ćuković,Merlot Suvo,vivino,5,3.7,,False,,,https://www.vivino.com/wineries/veritas-srem,2026-08-28
bikicki-traminac,Bikicki,Traminac,vivino,5,3.7,,False,,,https://www.vivino.com/w/6349831,2026-08-28
zupa-aleksandrovac-srpski-vranac,Zupa Aleksandrovac,Srpski Vranac,vivino,5,3.1,,False,,,https://www.vivino.com/w/1711806,2026-08-28
zupa-kupinovo-vino,Zupa,Kupinovo Vino,vivino,5,3.9,,False,,,https://www.vivino.com/w/1793947,2026-08-28
jeremic-kanon-superior-merlot-cabernet-sauvignon,Jeremić,Kanon Superior Merlot-Cabernet Sauvignon,vivino,5,4.3,,False,,,https://www.vivino.com/wineries/vinarija-jeremic,2026-08-28
jeremic-sonata-icon-sauvignon-blanc,Jeremić,Sonata Icon Sauvignon Blanc,vivino,5,4.2,,False,,,https://www.vivino.com/wineries/vinarija-jeremic,2026-08-28
jeremic-merlot-terroire,Jeremić,Merlot Terroire,vivino,5,4.1,,False,,,https://www.vivino.com/w/5973798,2026-08-28
jeremic-kanon-merlot-cabernet-sauvignon,Jeremić,Kanon Merlot-Cabernet Sauvignon,vivino,5,4.1,,False,,,https://www.vivino.com/wineries/vinarija-jeremic,2026-08-28
jeremic-rondo-rose,Jeremić,Rondo Rosé,vivino,5,3.8,,False,,,https://www.vivino.com/w/2723982,2026-08-28
jeremic-sonata-sauvignon-blanc,Jeremić,Sonata Sauvignon Blanc,vivino,5,3.8,,False,,,https://www.vivino.com/w/2176879,2026-08-28
chichateau-chi-chardonnay,Chichateau,Chi Chardonnay,vivino,5,4.2,,False,,,https://www.vivino.com/w/6422987,2026-08-28
chichateau-fabula-lagum,Chichateau,Fabula Lagum,vivino,5,4.2,,False,,,https://www.vivino.com/wineries/chichateau,2026-08-28
chichateau-pink-punk-roze,Chichateau,Pink Punk Roze,vivino,5,4.0,,False,,,https://www.vivino.com/wineries/chichateau,2026-08-28
chichateau-fabula-mala,Chichateau,Fabula Mala,vivino,5,4.0,,False,,,https://www.vivino.com/wineries/chichateau,2026-08-28
chichateau-sauvignon-blank,Chichateau,Sauvignon Blank,vivino,5,3.9,,False,,,https://www.vivino.com/wineries/chichateau,2026-08-28
art-wine-argument-cabernet-sauvignon,Art Wine,Argument Cabernet Sauvignon,vivino,5,4.1,,False,,,https://www.vivino.com/wineries/art,2026-08-28
art-wine-tangenta-chardonnay,Art Wine,Tangenta Chardonnay,vivino,5,4.0,,False,,,https://www.vivino.com/wineries/art,2026-08-28
art-wine-sumarum-merlot,Art Wine,Sumarum Merlot,vivino,5,3.7,,False,,,https://www.vivino.com/w/5875137,2026-08-28
matalj-zamna-cabernet-sauvignon,Matalj,Zamna Cabernet Sauvignon,falstaff,100,96,,False,2020,,falstaff.com/en/listings/red-wine-the-best-vintages-from-serbia,2026-08-28
ivanovic-prokupac-gaga,Ivanović,Prokupac Gaga,falstaff,100,96,,False,2017,,"falstaff, список красных",2026-08-28
doja-prokupac-breg,Doja,Prokupac Breg,falstaff,100,95,,False,2019,,falstaff.com/en/wines/vinariju-doja-2019-doja-prokupac-breg · Peter Moser 2023,2026-08-28
matalj-kremen-kamen-cabernet-sauvignon,Matalj,Kremen Kamen Cabernet Sauvignon,falstaff,100,95,,False,2017,,"falstaff, список красных",2026-08-28
matalj-kremen-kamen-cabernet-sauvignon,Matalj,Kremen Kamen Cabernet Sauvignon,falstaff,100,95,,False,2020,,falstaff/wines/matalj-vinarija,2026-08-28
vincic-grasac-grand-fru,Vinčić,Grašac Grand Fru,falstaff,100,95,,False,2020,,falstaff/wineries/vinarija-vincic,2026-08-28
temet-tamjanika,Temet,Tamjanika,falstaff,100,95,,False,2016,,falstaff/tastings/tasting-serbien,2026-08-28
cokot-prokupac-radovan-100,Čokot,Prokupac Radovan 100%,falstaff,100,94,,False,2020,,"falstaff, список красных",2026-08-28
doja-cabernet-sauvignon-breg,Doja,Cabernet Sauvignon Breg,falstaff,100,94,,False,2019,,"falstaff, список красных",2026-08-28
aleksandrovic-rodoslov-grand-reserve,Aleksandrović,Rodoslov Grand Reserve,falstaff,100,94,,False,2019,,"falstaff, список красных",2026-08-28
zvonko-bogdan-cuvee-no-1,Zvonko Bogdan,Cuvée No.1,falstaff,100,94,,False,2019,,"falstaff, список красных",2026-08-28
zvonko-bogdan-merlot-single-vineyard,Zvonko Bogdan,Merlot Single Vineyard,falstaff,100,94,,False,2019,,"falstaff, список красных",2026-08-28
matalj-bagrina-buksovska,Matalj,Bagrina Buksovska,falstaff,100,94,,False,2022,,falstaff/wines/matalj-vinarija-2022-bagrina-buksovska,2026-08-28
temet-tri-morave-crveno-reserve,Temet,Tri Morave Crveno Reserve,falstaff,100,94,,False,2009,,falstaff/tastings/tasting-serbien,2026-08-28
cokot-radovan-100-prokupac,Čokot,Radovan 100% Prokupac,falstaff,100,93,,False,2019,,"falstaff, список красных",2026-08-28
aleksandrovic-trijumf-selection-sauvignon-blanc,Aleksandrović,Trijumf Selection Sauvignon Blanc,falstaff,100,93,,False,2020,,falstaff/tastings/tasting-serbien,2026-08-28
cokot-tamjanika-radovan-100,Čokot,Tamjanika Radovan 100%,falstaff,100,93,,False,2022,,"falstaff, список белых",2026-08-28
zvonko-bogdan-chardonnay,Zvonko Bogdan,Chardonnay,falstaff,100,93,,False,2017,,"falstaff, список белых",2026-08-28
vinum-grasac-26a,Vinum,Grašac 26a,falstaff,100,93,,False,2019,,"falstaff, список белых",2026-08-28
cokot-tamjanika-experiment,Čokot,Tamjanika Experiment,falstaff,100,92,,False,2022,,"falstaff, список белых",2026-08-28
matalj-terasa-chardonnay,Matalj,Terasa Chardonnay,falstaff,100,92,,False,2022,,"falstaff, список белых",2026-08-28
erdevik-grand-trianon,Erdevik,Grand Trianon,falstaff,100,93,,False,2017,,falstaff.com/en/wines/vinarija-erdevik-2017-grand-trianon,2026-08-28
aleksandrovic-rodoslov-reserve,Aleksandrović,Rodoslov Reserve,wine-searcher,100,91,,False,,,find/podrumi+aleksandrovic+rodoslov+rsrv+oplenac+central+serbia,2026-08-28
matalj-kremen-kamen-cabernet-sauvignon,Matalj,Kremen Kamen Cabernet Sauvignon,wine-searcher,100,92,,False,,,"wine-searcher, страница вина",2026-08-28
kovacevic-edicija-s-aurelius,Kovačević,Edicija S Aurelius,wine-searcher,100,86,,False,,,"wine-searcher, страница вина",2026-08-28
radovanovic-reserve-cabernet-sauvignon,Radovanović,Réserve Cabernet Sauvignon,wine-searcher,100,90,,False,,,find/podrumi+radovanovic+cab+sauv+rsrv+sumadija+serbia,2026-08-28
erdevik-grand-trianon,Erdevik,Grand Trianon,wine-searcher,100,91,,False,,,find/erdevik+grand+trianon+fruska+gora+vojvodina+serbia,2026-08-28
erdevik-marlon-delon-cabernet-sauvignon-merlot,Erdevik,Marlon Delon Cabernet Sauvignon-Merlot,wine-searcher,100,91,,False,,,"wine-searcher, страница вина",2026-08-28
erdevik-trianon,Erdevik,Trianon,wine-searcher,100,89,,False,,,find/erdevik+trianon+fruska+gora+vojvodina+serbia,2026-08-28
zvonko-bogdan-cuvee-no-1,Zvonko Bogdan,Cuvée No.1,wine-searcher,100,94,,False,2019,,find/zvonko+bogdan+cuvee+no+one+subotica+vojvodina+serbia/2019,2026-08-28
zvonko-bogdan-cuvee-no-1,Zvonko Bogdan,Cuvée No.1,wine-searcher,100,93,,False,2017,,"wine-searcher, страница вина",2026-08-28
zvonko-bogdan-cuvee-no-1,Zvonko Bogdan,Cuvée No.1,wine-searcher,100,91,,False,2023,,"wine-searcher, страница вина",2026-08-28
zvonko-bogdan-cuvee-no-1,Zvonko Bogdan,Cuvée No.1,wine-searcher,100,90,,False,2022,,"wine-searcher, страница вина",2026-08-28
zvonko-bogdan-cuvee-no-1,Zvonko Bogdan,Cuvée No.1,wine-searcher,100,90,,False,2021,,"wine-searcher, страница вина",2026-08-28
zvonko-bogdan-cuvee-no-1,Zvonko Bogdan,Cuvée No.1,wine-searcher,100,90,,False,2018,,"wine-searcher, страница вина",2026-08-28
radovanovic-reserve-cabernet-sauvignon,Radovanović,Reserve Cabernet Sauvignon,tastings,100,91,,False,2013,,tastings.com/Wine-Review/Radovanovic-2013-Reserve-Cabernet-Sauvignon-Sumadija-Serbia,2026-08-28
radovanovic-classique-cabernet-sauvignon,Radovanović,Classique Cabernet Sauvignon,tastings,100,90,,False,2015,,tastings.com/Wine-Review/Radovanovic-2015-Classique-Cabernet-Sauvignon-Sumadija-Serbia,2026-08-28
deuric-aksiom-beli,Deurić,Aksiom Beli,falstaff,100,92,,False,2019,,falstaff.com/en/wines/vinarija-deuric-2019-deuric-aksiom-beli,2026-08-28
kovacevic-aurelius-edicija-s,Kovačević,Aurelius Edicija S,falstaff,100,90,,False,2019,,falstaff.com/en/wines/vinarija-kovacevic-2019-kovacevic-aurelius-edicija-s,2026-08-28
maurer-kadarka-1880-натуральное,Maurer,Kadarka 1880 (натуральное),falstaff,100,95,,False,2021,,falstaff.com/en/wines/oszkar-maurer-2021-kadarka-1880-natural-wine-1,2026-08-28
ivanovic-no-1-2,Ivanović,No 1/2,vino.rs,100,94,,False,2019,,vino.rs/blog/zoran-rapajic/item/5626 · Зоран Рапајић,2026-08-28
chichateau-chi-chardonnay,Chichateau,Chi Chardonnay,falstaff,100,95,,False,2018,,"falstaff, список белых",2026-08-28
temet-tri-morave-belo-reserve,Temet,Tri Morave Belo Reserve,falstaff,100,95,,False,2018,,"falstaff, список белых",2026-08-28
matalj-kremen-kamen-cabernet-sauvignon,Matalj,Kremen Kamen Cabernet Sauvignon,falstaff,100,95,,False,2016,,"falstaff, список красных",2026-08-28
matijasevic-sovinoa-fume-blanc,Matijašević,SoviNoa Fumé Blanc,falstaff,100,94,,False,2020,,"falstaff, список белых",2026-08-28
temet-tri-morave-crveno-reserve,Temet,Tri Morave Crveno Reserve,falstaff,100,94,,False,2019,,"falstaff, список красных",2026-08-28
budimir-svb-rosa,Budimir,Svb Rosa,falstaff,100,94,,False,2009,,"falstaff, список красных",2026-08-28
aleksandrovic-trijumf-terroir,Aleksandrović,Trijumf Terroir,falstaff,100,93,,False,2022,,"falstaff, список белых",2026-08-28
matijasevic-sovinoa-sauvignon-blanc,Matijašević,SoviNoa Sauvignon Blanc,falstaff,100,93,,False,2021,,"falstaff, список белых",2026-08-28
aleksandrovic-trijumf-selection-sauvignon-blanc,Aleksandrović,Trijumf Selection Sauvignon Blanc,falstaff,100,93,,False,2021,,"falstaff, список белых",2026-08-28
aleksandrovic-trijumf-selection,Aleksandrović,Trijumf Selection,falstaff,100,93,,False,2021,,falstaff.com/en/wines/vinarija-aleksandrovic-2021-trijumf-selection,2026-08-28
molovin-inat-frankovka,Molovin,Inat Frankovka,falstaff,100,93,,False,2019,,"falstaff, список красных",2026-08-28
bjelica-graffiti,Bjelica,Graffiti,falstaff,100,93,,False,2018,,"falstaff, список красных",2026-08-28
aleksandrovic-rodoslov-grand-reserve,Aleksandrović,Rodoslov Grand Reserve,falstaff,100,93,,False,2018,,"falstaff, список красных",2026-08-28
despotika-morava,Despotika,Morava,falstaff,100,91,,False,2021,,falstaff.com/en/wines/despotika-winery-2021-morava · Peter Moser,2026-08-28
despotika-zmajeviti-prokupac,Despotika,Zmajeviti Prokupac,falstaff,100,91,,False,,,falstaff.com/en/wines/despotika-winery-zmajeviti-prokupac · Peter Moser,2026-08-28
despotika-nemir-rose,Despotika,Nemir rosé,falstaff,100,89,,False,2024,,"falstaff, список розе",2026-08-28
despotika-dodir-tamjanika,Despotika,Dodir Tamjanika,falstaff,100,89,,False,2022,,falstaff,2026-08-28
radovanovic-cabernet-sauvignon-reserve,Radovanović,Cabernet Sauvignon Reserve,falstaff,100,92,,False,2019,,"falstaff, Tasting Serbien 2023",2026-08-28
erdevik-grand-trianon-deux-mers,Erdevik,Grand Trianon Deux Mers,falstaff,100,92,,False,2016,,falstaff.com/en/wines/vinarija-erdevik-2016-grand-trianon-deux-mers,2026-08-28
bikicki-sfera-noir-натуральное,Bikicki,Sfera Noir (натуральное),falstaff,100,92,,False,2021,,falstaff.com/de/weine/bikicki-2021-sfera-noir-natural-wine · Peter Moser,2026-08-28
aleksandrovic-vizija-selection,Aleksandrović,Vizija Selection,falstaff,100,91,,False,2020,,falstaff.com/en/wines/vinarija-aleksandrovic-2020-vizija-selection,2026-08-28
aleksic-biser-extra-brut,Aleksić,Biser Extra Brut,falstaff,100,91,,False,2016,,falstaff.com/en/wines/aleksic-vinarija-2016-vinarija-aleksic-biser-extra-brut,2026-08-28
aleksandrovic-trijumf-brut-rose,Aleksandrović,Trijumf Brut Rosé,falstaff,100,92,,False,2019,,falstaff.com/en/wines/vinarija-aleksandrovic-2019-trijumf-brut-rose,2026-08-28
matalj-kremen-kamen,Matalj,Kremen Kamen,decanter,100,97,,False,2021,,Платина DWWA 2026,2026-08-28
aleksandrovic-kamenicarka-prokupac,Aleksandrović,Kameničarka Prokupac,decanter,100,97,,False,2022,,Платина DWWA 2026,2026-08-28
deuric-la-rem-chardonnay,Deurić,La Rem Chardonnay,decanter,100,97,,False,2023,,Платина DWWA 2026,2026-08-28
erdevik-omnibus-lector-chardonnay,Erdevik,Omnibus Lector Chardonnay,decanter,100,97,,False,2015,,"Платина DWWA 2020, первая платина Сербии",2026-08-28
vincic-grasac,Vinčić,Grašac,decanter,100,97,,False,,,Best in Show DWWA 2023,2026-08-28
tonkovic-kadarka,Tonković,Kadarka,decanter,100,91,,False,,,"Серебро DWWA 2017, балл по сербской рознице",2026-08-28
doja-prokupac,Doja,Prokupac,falstaff,100,93,,False,2019,,falstaff.com/en/wines/vinariju-doja-2019-doja-prokupac · Peter Moser 2023,2026-08-28
doja-chardonnay-barik,Doja,Chardonnay Barik,falstaff,100,91,,False,2022,,falstaff.com/at/weine/vinariju-doja-2022-doja-chardonnay-barik · Peter Moser 2023,2026-08-28
doja-rose,Doja,Rosé,falstaff,100,91,,False,2022,,"falstaff, список розе",2026-08-28
doja-merlot-breg,Doja,Merlot Breg,falstaff,100,94,,False,2019,,falstaff.com/en/wines/vinariju-doja-2019-doja-merlot-breg,2026-08-28
matijasevic-prokupac-cukundeda,Matijašević,Prokupac Čukundeda,falstaff,100,92,,False,2020,,falstaff.com/en/wines/matijasevic-vinogradi-2020-prokupac-cukundeda · Peter Moser 2023,2026-08-28
deuric-the-brut,Deurić,The Brut,falstaff,100,92,,False,2018,,falstaff.com/de/weine/vinarija-deuric-2018-deuric-the-brut,2026-08-28
ivanovic-tamjanika,Ivanović,Tamjanika,falstaff,100,92,,False,2022,,falstaff.com/en/wines/vinarija-ivanovic-2022-tamjanika · Peter Moser 2023,2026-08-28
draskovic-beli-pinot,Drašković,Beli Pinot,decanter,100,90,,False,2020,,"DWWA, Јужни Банат; по vino.rs",2026-08-28
draskovic-horizont-chardonnay,Drašković,Horizont Chardonnay,decanter,100,89,,False,2021,,DWWA; по vino.rs,2026-08-28
